scrape_date,source_site,query_occupation,prefecture,job_title,company_name,location,work_prefecture,city_ward,oaza_town,chome,ban,go,wage_text,wage_type,wage_min,wage_max,wage_unit,employment_type,posted_date_text,job_url,search_url,is_excluded_fulltime,notes
2026-08-08,求人ボックス,大工,東京都,大工・研修所で新人へ技術指導 新着,株式会社メガステップ,,,,,,,,,不明,,,unknown,,1時間前,https://xn--pckua2a7gp15o89zb.com/jb/9da10973123991593c4d4ecaa19d2095,https://xn--pckua2a7gp15o89zb.com/%E5%A4%A7%E5%B7%A5の仕事-%E6%9D%B1%E4%BA%AC%E9%83%BD,false,求人詳細ページは安全な公開URLと確認できないため取得しませんでした
2026-08-08,求人ボックス,大工,東京都,「あなたにお願いしたいお仕事があります」大工職人の募集,株式会社エイケー,,,,,,,,,不明,,,unknown,,,https://xn--pckua2a7gp15o89zb.com/rd/?uaid=l635c8cd1e37c2ef43022847fb7c59e08&p=t%2BAK7k0GmMUr0ZRss/MBmw2Iq7FFCSydJ4L3cxGoINdx9PeV2X/u%2BVeUmI0NNCZsKMDTBgXWISWmptJVzLjqhmidAgfHqBQoe/89nqap1kcbLsuKk/EWhmecSYbnvS88V67M8nOKrx2x0feqUpaTGm3R6E4f/LtlWo03trhXQ/umIpVjGAdxiBMasB7M2GkdOZjTnL0yhtbsN8XmvsSE9480VmDtfjBFoyAunlWRwsF3wPnCxFce5%2Bxj76RNcC/Zb5RPpaT0ZOYJjl5qKuOjqGXeyM6YR4ktlirtHaP8j89Zj4sLUAQMKH3q/Z/R%2BXyuvGnmKytqU/Yblz/uBao9YLMjxoyyVmSUZHM4d3AU8Krckr1tp4l9iP5N1XQiaaZXrXIpzSKPEOPNrTi3pqYWtLc8PmuIi%2Bhb7O3r3xKmTLUPry0VkwPy54bJ2JZJHDt%2BsoS8Pdo6BitGLdkEytDHeZUlY0DVT4K5DfrvlM2N3Y9n5fDuUDT94V33c1eBmKqS&ph=277420ba20d4&phv=1,https://xn--pckua2a7gp15o89zb.com/%E5%A4%A7%E5%B7%A5の仕事-%E6%9D%B1%E4%BA%AC%E9%83%BD,false,求人詳細ページは安全な公開URLと確認できないため取得しませんでした
2026-08-08,求人ボックス,大工,東京都,大工さん・多能工さん大募集／東京都住宅供給公社指定工事店／季節に左右さ...,株式会社コーセー,,,,,,,,,不明,,,unknown,,,https://xn--pckua2a7gp15o89zb.com/rd/?uaid=4bec12881af06fbb187f2b7016bd55f5&p=t%2BAK7k0GmMUr0ZRss/MBm2Y0YhayTHHz1UMFJSBoN9EEqXYHPeo9VxHYMyj1mT%2BntS31ojgFHP/mH/A9Vv9kMWidAgfHqBQoe/89nqap1kfiFSud59czRcGe2iqOVOWTV67M8nOKrx2x0feqUpaTGm3R6E4f/LtlWo03trhXQ/umIpVjGAdxiBMasB7M2GkdOZjTnL0yhtbsN8XmvsSE9480VmDtfjBFoyAunlWRwsF3wPnCxFce5%2Bxj76RNcC/ZaxzX393LlfwRnzeoY9lewPdQic5u7cUOiGLMNmMukNUFrkiCBEhGhVxN4COKh4YavGnmKytqU/Yblz/uBao9YC0m8KiGBLJbmsXPjxceLH3ckr1tp4l9iP5N1XQiaaZXOXDh1KAKRNcWzYfiLpV4j9g1PK3%2ByUBnjn2%2BO7uxTSAkqoZKsp13guysVhjsIrb/gsJy4J5nLOP1LAKM0K2xXiZARpA8LEI/Xdfsso9ItQA%3D&ph=b43618575fe5&phv=1,https://xn--pckua2a7gp15o89zb.com/%E5%A4%A7%E5%B7%A5の仕事-%E6%9D%B1%E4%BA%AC%E9%83%BD,false,求人詳細ページは安全な公開URLと確認できないため取得しませんでした
2026-08-08,求人ボックス,大工,東京都,未経験から職人へ／一生モノの技術×高収入! AIに代替されにくい内装仕上げ・大工 道具の名前から教え...,株式会社ReCT,,,,,,,,,不明,,,unknown,,,https://xn--pckua2a7gp15o89zb.com/rd/?uaid=l5720625624c3740a1448bbdaffc41a10&p=t%2BAK7k0GmMUr0ZRss/MBm98L3qM7JqysLQgIMOwr7TxNi71JpyueWNuBzxwPNwgFuGNt32TQNoDXDynIGGl6LWidAgfHqBQoe/89nqap1kcJYaRgz1LbJG8KvUthOICPV67M8nOKrx2x0feqUpaTGm3R6E4f/LtlWo03trhXQ/umIpVjGAdxiBMasB7M2GkdOZjTnL0yhtbsN8XmvsSE9480VmDtfjBFoyAunlWRwsF3wPnCxFce5%2Bxj76RNcC/Zb5RPpaT0ZOYJjl5qKuOjqJ3m6EAo8pZ60jAwhEDCxfnKLyWMG2YkRXRJ20bozKXVvGnmKytqU/Yblz/uBao9YLMjxoyyVmSUZHM4d3AU8Krckr1tp4l9iP5N1XQiaaZX4ImP28JyEyON8hpGv9fu1qjnhgocAscE1zGV/iQH1FrYNTyt/slAZ459vju7sU0gBSU34q6LhPO2vqoNHHZmERUjOp5%2Ba/OuHz0reTeIurzJdLO4S6ELTqK6XyJROHpo&ph=a1b1435d962c&phv=1,https://xn--pckua2a7gp15o89zb.com/%E5%A4%A7%E5%B7%A5の仕事-%E6%9D%B1%E4%BA%AC%E9%83%BD,false,求人詳細ページは安全な公開URLと確認できないため取得しませんでした
2026-08-08,求人ボックス,大工,東京都,「東証プライム上場企業 新築木造住宅の大工 ワークライフバランス」完全...,ケイアイスター不動産株式会社,,,,,,,,,不明,,,unknown,,,https://xn--pckua2a7gp15o89zb.com/rd/?uaid=l3c1f8a5866e1cd6d9c5a55e30c40418b&p=t%2BAK7k0GmMUr0ZRss/MBm6KLYvYHjFskltF4LJ/lj/eRz1YVyg2qSD/36Ced3j/n2%2B2971QAOxLWAB%2BFx2xAt2idAgfHqBQoe/89nqap1kc3qYOmry0M9KFMu83WT9awV67M8nOKrx2x0feqUpaTGm3R6E4f/LtlWo03trhXQ/umIpVjGAdxiBMasB7M2GkdOZjTnL0yhtbsN8XmvsSE9480VmDtfjBFoyAunlWRwsF3wPnCxFce5%2Bxj76RNcC/Zb5RPpaT0ZOYJjl5qKuOjqEcdqomQF7erfGd3avN/ssV9XrYaLXnjO%2Be5Gm9U7/uLvGnmKytqU/Yblz/uBao9YLMjxoyyVmSUZHM4d3AU8Krckr1tp4l9iP5N1XQiaaZXQb1QzX35w2Vd2yXEu3Mg8qidn0%2BV/p/Dys67PSK0xVIsVAlXvHoi3F9TUQvnhkvZbxepFu7iJpIBVrRRUyF2PgS4JkQ2HAh4CguhkuNUgamAgSMCNrKKBhqeuaLtpxZw9gQhhXwuMEwq2bnYSaxw9r%2Bo4oUMrdpMhH6rGlwDkGsmQEaQPCxCP13X7LKPSLUA&ph=a5533d97c757&phv=1,https://xn--pckua2a7gp15o89zb.com/%E5%A4%A7%E5%B7%A5の仕事-%E6%9D%B1%E4%BA%AC%E9%83%BD,false,求人詳細ページは安全な公開URLと確認できないため取得しませんでした
2026-08-08,求人ボックス,大工,東京都,大工さん・多能工さん大募集／東京都住宅供給公社指定工事店／季節に左右さ...,日宏建設株式会社,,,,,,,,,不明,,,unknown,,,https://xn--pckua2a7gp15o89zb.com/rd/?uaid=ff120d96bf377c9e3b157136829378a0&p=t%2BAK7k0GmMUr0ZRss/MBm3QLJABftl6uzJ9AwUYnLqgbDgns%2BvRuUTQWAK2j5bRvC9jYUz9t64QDvpJWzn68TmidAgfHqBQoe/89nqap1kdeZzjWUI/IPIPbHJ89TuZmV67M8nOKrx2x0feqUpaTGm3R6E4f/LtlWo03trhXQ/umIpVjGAdxiBMasB7M2GkdOZjTnL0yhtbsN8XmvsSE9480VmDtfjBFoyAunlWRwsF3wPnCxFce5%2Bxj76RNcC/ZaxzX393LlfwRnzeoY9lewCnY5Av16ilbwalZnM2gI4qgSldjrqRoSKsj4zM3Spw0vGnmKytqU/Yblz/uBao9YC0m8KiGBLJbmsXPjxceLH3ckr1tp4l9iP5N1XQiaaZXOXDh1KAKRNcWzYfiLpV4j9g1PK3%2ByUBnjn2%2BO7uxTSAkqoZKsp13guysVhjsIrb/gsJy4J5nLOP1LAKM0K2xXiZARpA8LEI/Xdfsso9ItQA%3D&ph=93436e690d94&phv=1,https://xn--pckua2a7gp15o89zb.com/%E5%A4%A7%E5%B7%A5の仕事-%E6%9D%B1%E4%BA%AC%E9%83%BD,false,求人詳細ページは安全な公開URLと確認できないため取得しませんでした
2026-08-08,求人ボックス,大工,東京都,「型枠大工／亀有」資格取得全額会社負担!社会貢献性の高い仕事に挑戦しま...,有限会社中建工業,,,,,,,,,不明,,,unknown,,,https://xn--pckua2a7gp15o89zb.com/rd/?uaid=l96eb441702d5c16c9a820b1a30f26a21&p=t%2BAK7k0GmMUr0ZRss/MBmzHQUhcydquFDst%2Bt7PZZL5zChO7wGTItgHoWwWCatYVDniJMFyf9pqZ0BVvHMnuJ2idAgfHqBQoe/89nqap1kfJxFSqYpJvRWhymiPriHolV67M8nOKrx2x0feqUpaTGm3R6E4f/LtlWo03trhXQ/umIpVjGAdxiBMasB7M2GkdOZjTnL0yhtbsN8XmvsSE9480VmDtfjBFoyAunlWRwsF3wPnCxFce5%2Bxj76RNcC/Zb5RPpaT0ZOYJjl5qKuOjqEln%2BG6tT25sX/hc/1XYdwEbm99oDsb6OhBw5GHI2vutvGnmKytqU/Yblz/uBao9YLMjxoyyVmSUZHM4d3AU8Krckr1tp4l9iP5N1XQiaaZXhR8jwxedN3ulOfV/7lMebz8/IWP6Yho288U/M3oU7diOEafTLOZw/C0KVwm/iB2LT1OlBXgxo2gebxJvaJPQrAC4iniiFQdRVWgmnP2kYDs%3D&ph=86f597293b5d&phv=1,https://xn--pckua2a7gp15o89zb.com/%E5%A4%A7%E5%B7%A5の仕事-%E6%9D%B1%E4%BA%AC%E9%83%BD,false,求人詳細ページは安全な公開URLと確認できないため取得しませんでした
2026-08-08,求人ボックス,大工,東京都,経験者募集／月給40万も可能／新築・リフォーム大工・多能工,株式会社綾部工務店,,,,,,,,,不明,,,unknown,,,https://xn--pckua2a7gp15o89zb.com/rd/?uaid=812ced9fed61353086edaf95dc353ba0&p=t%2BAK7k0GmMUr0ZRss/MBm6YLnng/2KJKvwDF7vtuMbDZK%2BmujC7gOzh1JzTSXCksh%2BsIhqdtFdMBZ6JPvExqdWidAgfHqBQoe/89nqap1kedY%2BNiT0BTE6wrn1Xo6Z93V67M8nOKrx2x0feqUpaTGm3R6E4f/LtlWo03trhXQ/umIpVjGAdxiBMasB7M2GkdOZjTnL0yhtbsN8XmvsSE9480VmDtfjBFoyAunlWRwsF3wPnCxFce5%2Bxj76RNcC/ZaxzX393LlfwRnzeoY9lewM33cew7y63eB2Z8VUFSQT%2BiqZj7%2BdLn5YPxFiQtQvnSvGnmKytqU/Yblz/uBao9YC0m8KiGBLJbmsXPjxceLH3ckr1tp4l9iP5N1XQiaaZXOXDh1KAKRNcWzYfiLpV4j9g1PK3%2ByUBnjn2%2BO7uxTSAFJTfirouE87a%2Bqg0cdmYRFSM6nn5r864fPSt5N4i6vMl0s7hLoQtOorpfIlE4emg%3D&ph=74613ef9ea25&phv=1,https://xn--pckua2a7gp15o89zb.com/%E5%A4%A7%E5%B7%A5の仕事-%E6%9D%B1%E4%BA%AC%E9%83%BD,false,求人詳細ページは安全な公開URLと確認できないため取得しませんでした
2026-08-08,求人ボックス,大工,東京都,大工さん・多能工さん大募集／東京都住宅供給公社指定工事店／季節に左右さ...,武尊技建工業株式会社,,,,,,,,,不明,,,unknown,,,https://xn--pckua2a7gp15o89zb.com/rd/?uaid=576cde3f7d4b096b03201cdd7fa227b5&p=t%2BAK7k0GmMUr0ZRss/MBm95DHpTCoHdz8ZX7VOeQFUi4mzHMwUtxPumyp8oREdt3Qc%2Bm3v2%2BVaJRer029Upz/midAgfHqBQoe/89nqap1kd/qGffM3CHVrZO2d7tgv7aV67M8nOKrx2x0feqUpaTGm3R6E4f/LtlWo03trhXQ/umIpVjGAdxiBMasB7M2GkdOZjTnL0yhtbsN8XmvsSE9480VmDtfjBFoyAunlWRwsF3wPnCxFce5%2Bxj76RNcC/ZaxzX393LlfwRnzeoY9lewJf0te54oyxN7MQBgXQ26da/VOd03wQYjvPQj/j4chg0vGnmKytqU/Yblz/uBao9YC0m8KiGBLJbmsXPjxceLH3ckr1tp4l9iP5N1XQiaaZXOXDh1KAKRNcWzYfiLpV4j9g1PK3%2ByUBnjn2%2BO7uxTSAkqoZKsp13guysVhjsIrb/gsJy4J5nLOP1LAKM0K2xXiZARpA8LEI/Xdfsso9ItQA%3D&ph=93221a70c5c1&phv=1,https://xn--pckua2a7gp15o89zb.com/%E5%A4%A7%E5%B7%A5の仕事-%E6%9D%B1%E4%BA%AC%E9%83%BD,false,求人詳細ページは安全な公開URLと確認できないため取得しませんでした
2026-08-08,求人ボックス,大工,東京都,型枠大工／今日から君は、 ±3ミリの世界の主役,株式会社カワショウ建設,,,,,,,,,不明,,,unknown,,,https://xn--pckua2a7gp15o89zb.com/rd/?uaid=l825c20a663292433bb43708cc69d67d9&p=t%2BAK7k0GmMUr0ZRss/MBm0TOZwuWUAiAkbr25XzCnXgzlk7gxHPUXPZdpNltcPCQZlc1i3is3K1MLf%2BCZJ06EmidAgfHqBQoe/89nqap1kfS5XV3%2BQLKtXq9O9Jy%2BX8AV67M8nOKrx2x0feqUpaTGm3R6E4f/LtlWo03trhXQ/umIpVjGAdxiBMasB7M2GkdOZjTnL0yhtbsN8XmvsSE9480VmDtfjBFoyAunlWRwsF3wPnCxFce5%2Bxj76RNcC/Zb5RPpaT0ZOYJjl5qKuOjqD902iPh8zkfacxbI%2Bi/gdpTKSH5XvjkVDikyzon0RXqIXuikhjS2gwwzcbUSAXhkNErspU0uqKCKpmCAEMhVeJCWf9oGr9lr%2BsOCQrzmd3H9iy5KQTVlmyWhpEWrGYwGPqloGT18LZKo9vtYcfWTGUPcoHc48tTVKvwjberA5deO1DK2JsMgozvolIfb8RpG8NlBWZJicgpo1tb7Paw5ITNoGgH/ApC947acbA5jCNQ&ph=98ca76e522a2&phv=1,https://xn--pckua2a7gp15o89zb.com/%E5%A4%A7%E5%B7%A5の仕事-%E6%9D%B1%E4%BA%AC%E9%83%BD,false,求人詳細ページは安全な公開URLと確認できないため取得しませんでした
2026-08-08,求人ボックス,大工,東京都,「あなたにお願いしたいお仕事があります」大工職人の募集,株式会社エイケー,,,,,,,,,不明,,,unknown,,,https://xn--pckua2a7gp15o89zb.com/rd/?uaid=l635c8cd1e37c2ef43022847fb7c59e08&p=t%2BAK7k0GmMUr0ZRss/MBm3Tau95LE%2BNih%2BQ%2BJ%2BvmzN5ywoSFI%2BLWNpNj4ofzcKo/mPciTMmf/EcTz%2BmWFDTViGidAgfHqBQoe/89nqap1kcbLsuKk/EWhmecSYbnvS88V67M8nOKrx2x0feqUpaTGm3R6E4f/LtlWo03trhXQ/umIpVjGAdxiBMasB7M2GkdOZjTnL0yhtbsN8XmvsSE9480VmDtfjBFoyAunlWRwsF3wPnCxFce5%2Bxj76RNcC/Zb5RPpaT0ZOYJjl5qKuOjqGXeyM6YR4ktlirtHaP8j8/mv1zw2fiReTySMaPhHhFOvGnmKytqU/Yblz/uBao9YLMjxoyyVmSUZHM4d3AU8Krckr1tp4l9iP5N1XQiaaZXrXIpzSKPEOPNrTi3pqYWtLc8PmuIi%2Bhb7O3r3xKmTLUPry0VkwPy54bJ2JZJHDt%2BsoS8Pdo6BitGLdkEytDHeZUlY0DVT4K5DfrvlM2N3Y9n5fDuUDT94V33c1eBmKqS&ph=4dae9683d7b0&phv=1,https://xn--pckua2a7gp15o89zb.com/%E5%A4%A7%E5%B7%A5の仕事-%E6%9D%B1%E4%BA%AC%E9%83%BD,false,求人詳細ページは安全な公開URLと確認できないため取得しませんでした
2026-08-08,求人ボックス,大工,東京都,大工さん・多能工さん大募集／東京都住宅供給公社指定工事店／季節に左右さ...,株式会社コーセー,,,,,,,,,不明,,,unknown,,,https://xn--pckua2a7gp15o89zb.com/rd/?uaid=4bec12881af06fbb187f2b7016bd55f5&p=t%2BAK7k0GmMUr0ZRss/MBm%2BCJSBGPhahUvVhUvPwucoUOHaggteSOSYi5/qRUFS7V71aJJ3D4vOATT%2Bjt3FZjrmidAgfHqBQoe/89nqap1kfiFSud59czRcGe2iqOVOWTV67M8nOKrx2x0feqUpaTGm3R6E4f/LtlWo03trhXQ/umIpVjGAdxiBMasB7M2GkdOZjTnL0yhtbsN8XmvsSE9480VmDtfjBFoyAunlWRwsF3wPnCxFce5%2Bxj76RNcC/ZaxzX393LlfwRnzeoY9lewPdQic5u7cUOiGLMNmMukNVZj4sLUAQMKH3q/Z/R%2BXyuvGnmKytqU/Yblz/uBao9YC0m8KiGBLJbmsXPjxceLH3ckr1tp4l9iP5N1XQiaaZXOXDh1KAKRNcWzYfiLpV4j9g1PK3%2ByUBnjn2%2BO7uxTSAkqoZKsp13guysVhjsIrb/gsJy4J5nLOP1LAKM0K2xXiZARpA8LEI/Xdfsso9ItQA%3D&ph=15ee01a9ff03&phv=1,https://xn--pckua2a7gp15o89zb.com/%E5%A4%A7%E5%B7%A5の仕事-%E6%9D%B1%E4%BA%AC%E9%83%BD,false,求人詳細ページは安全な公開URLと確認できないため取得しませんでした
2026-08-08,求人ボックス,大工,東京都,未経験から職人へ／一生モノの技術×高収入! AIに代替されにくい内装仕上げ・大工 道具の名前から教え...,株式会社ReCT,,,,,,,,,不明,,,unknown,,,https://xn--pckua2a7gp15o89zb.com/rd/?uaid=l5720625624c3740a1448bbdaffc41a10&p=t%2BAK7k0GmMUr0ZRss/MBm4WgLZjCJ%2BaV1L4xucE56bNux4yXXNzzEeAcR29bTMfBFbzQepa03Scv7vCDVlK7VWidAgfHqBQoe/89nqap1kcJYaRgz1LbJG8KvUthOICPV67M8nOKrx2x0feqUpaTGm3R6E4f/LtlWo03trhXQ/umIpVjGAdxiBMasB7M2GkdOZjTnL0yhtbsN8XmvsSE9480VmDtfjBFoyAunlWRwsF3wPnCxFce5%2Bxj76RNcC/Zb5RPpaT0ZOYJjl5qKuOjqJ3m6EAo8pZ60jAwhEDCxfleTareN/90Hnh9ubPGiq%2BWvGnmKytqU/Yblz/uBao9YLMjxoyyVmSUZHM4d3AU8Krckr1tp4l9iP5N1XQiaaZX4ImP28JyEyON8hpGv9fu1qjnhgocAscE1zGV/iQH1FrYNTyt/slAZ459vju7sU0gBSU34q6LhPO2vqoNHHZmERUjOp5%2Ba/OuHz0reTeIurzJdLO4S6ELTqK6XyJROHpo&ph=5d461e7cd60b&phv=1,https://xn--pckua2a7gp15o89zb.com/%E5%A4%A7%E5%B7%A5の仕事-%E6%9D%B1%E4%BA%AC%E9%83%BD,false,求人詳細ページは安全な公開URLと確認できないため取得しませんでした
2026-08-08,求人ボックス,大工,東京都,大工さん・多能工さん大募集／東京都住宅供給公社指定工事店／季節に左右さ...,日宏建設株式会社,,,,,,,,,不明,,,unknown,,,https://xn--pckua2a7gp15o89zb.com/rd/?uaid=ff120d96bf377c9e3b157136829378a0&p=t%2BAK7k0GmMUr0ZRss/MBm8bJ/YJcpDYA5q/xz5PPVEU508O0Pvdeu5gRMk0NPM%2B5Cd2Uc7FycErpD9OOcE1z2GidAgfHqBQoe/89nqap1kc3qYOmry0M9KFMu83WT9awV67M8nOKrx2x0feqUpaTGm3R6E4f/LtlWo03trhXQ/umIpVjGAdxiBMasB7M2GkdOZjTnL0yhtbsN8XmvsSE9480VmDtfjBFoyAunlWRwsF3wPnCxFce5%2Bxj76RNcC/ZaxzX393LlfwRnzeoY9lewCnY5Av16ilbwalZnM2gI4rKLyWMG2YkRXRJ20bozKXVvGnmKytqU/Yblz/uBao9YC0m8KiGBLJbmsXPjxceLH3ckr1tp4l9iP5N1XQiaaZXOXDh1KAKRNcWzYfiLpV4j9g1PK3%2ByUBnjn2%2BO7uxTSAkqoZKsp13guysVhjsIrb/gsJy4J5nLOP1LAKM0K2xXiZARpA8LEI/Xdfsso9ItQA%3D&ph=2d678aaecc37&phv=1,https://xn--pckua2a7gp15o89zb.com/%E5%A4%A7%E5%B7%A5の仕事-%E6%9D%B1%E4%BA%AC%E9%83%BD,false,求人詳細ページは安全な公開URLと確認できないため取得しませんでした
2026-08-08,求人ボックス,大工,東京都,「型枠大工／亀有」資格取得全額会社負担!社会貢献性の高い仕事に挑戦しま...,有限会社中建工業,,,,,,,,,不明,,,unknown,,,https://xn--pckua2a7gp15o89zb.com/rd/?uaid=l96eb441702d5c16c9a820b1a30f26a21&p=t%2BAK7k0GmMUr0ZRss/MBmwmxIBLrq6xBKSv7/HOJTN3wFJrA8U5BkHv9rQDyqGGR9340gKq5xKiQZd0j61zsfWidAgfHqBQoe/89nqap1kdeZzjWUI/IPIPbHJ89TuZmV67M8nOKrx2x0feqUpaTGm3R6E4f/LtlWo03trhXQ/umIpVjGAdxiBMasB7M2GkdOZjTnL0yhtbsN8XmvsSE9480VmDtfjBFoyAunlWRwsF3wPnCxFce5%2Bxj76RNcC/Zb5RPpaT0ZOYJjl5qKuOjqEcdqomQF7erfGd3avN/ssV9XrYaLXnjO%2Be5Gm9U7/uLvGnmKytqU/Yblz/uBao9YLMjxoyyVmSUZHM4d3AU8Krckr1tp4l9iP5N1XQiaaZXhR8jwxedN3ulOfV/7lMebz8/IWP6Yho288U/M3oU7diOEafTLOZw/C0KVwm/iB2LT1OlBXgxo2gebxJvaJPQrAC4iniiFQdRVWgmnP2kYDs%3D&ph=b853b5b34f07&phv=1,https://xn--pckua2a7gp15o89zb.com/%E5%A4%A7%E5%B7%A5の仕事-%E6%9D%B1%E4%BA%AC%E9%83%BD,false,求人詳細ページは安全な公開URLと確認できないため取得しませんでした
2026-08-08,求人ボックス,大工,東京都,「月給30万円～／未経験歓迎」新築・リフォーム大工／手に職をつける多能...,株式会社綾部工務店,,,,,,,,,不明,,,unknown,,,https://xn--pckua2a7gp15o89zb.com/rd/?uaid=30cb89be3936de85e5c24b0c5038a330&p=t%2BAK7k0GmMUr0ZRss/MBm7078ZCKKujwZpbxq0XLm2x44PBSY5BDsMiGTj2FiDf6gfV91g/92MhnV1DAsM4pzGidAgfHqBQoe/89nqap1kfJxFSqYpJvRWhymiPriHolV67M8nOKrx2x0feqUpaTGm3R6E4f/LtlWo03trhXQ/umIpVjGAdxiBMasB7M2GkdOZjTnL0yhtbsN8XmvsSE9480VmDtfjBFoyAunlWRwsF3wPnCxFce5%2Bxj76RNcC/ZaxzX393LlfwRnzeoY9lewM33cew7y63eB2Z8VUFSQT%2BRX85/0sCAW/EUXLxnJ1xVvGnmKytqU/Yblz/uBao9YC0m8KiGBLJbmsXPjxceLH3ckr1tp4l9iP5N1XQiaaZXOXDh1KAKRNcWzYfiLpV4j9g1PK3%2ByUBnjn2%2BO7uxTSAFJTfirouE87a%2Bqg0cdmYRFSM6nn5r864fPSt5N4i6vMl0s7hLoQtOorpfIlE4emg%3D&ph=cbb3253d81e5&phv=1,https://xn--pckua2a7gp15o89zb.com/%E5%A4%A7%E5%B7%A5の仕事-%E6%9D%B1%E4%BA%AC%E9%83%BD,false,求人詳細ページは安全な公開URLと確認できないため取得しませんでした
2026-08-08,求人ボックス,大工,東京都,大工さん・多能工さん大募集／東京都住宅供給公社指定工事店／季節に左右さ...,武尊技建工業株式会社,,,,,,,,,不明,,,unknown,,,https://xn--pckua2a7gp15o89zb.com/rd/?uaid=576cde3f7d4b096b03201cdd7fa227b5&p=t%2BAK7k0GmMUr0ZRss/MBm1AUeJPV2LTvt95n0pU3Eyi2uPcy2s2D88iJX4hZJYYUL77HggNI2adWOuW/HhNMyWidAgfHqBQoe/89nqap1kedY%2BNiT0BTE6wrn1Xo6Z93V67M8nOKrx2x0feqUpaTGm3R6E4f/LtlWo03trhXQ/umIpVjGAdxiBMasB7M2GkdOZjTnL0yhtbsN8XmvsSE9480VmDtfjBFoyAunlWRwsF3wPnCxFce5%2Bxj76RNcC/ZaxzX393LlfwRnzeoY9lewJf0te54oyxN7MQBgXQ26dYbm99oDsb6OhBw5GHI2vutvGnmKytqU/Yblz/uBao9YC0m8KiGBLJbmsXPjxceLH3ckr1tp4l9iP5N1XQiaaZXOXDh1KAKRNcWzYfiLpV4j9g1PK3%2ByUBnjn2%2BO7uxTSAkqoZKsp13guysVhjsIrb/gsJy4J5nLOP1LAKM0K2xXiZARpA8LEI/Xdfsso9ItQA%3D&ph=45a20ee3663d&phv=1,https://xn--pckua2a7gp15o89zb.com/%E5%A4%A7%E5%B7%A5の仕事-%E6%9D%B1%E4%BA%AC%E9%83%BD,false,求人詳細ページは安全な公開URLと確認できないため取得しませんでした
2026-08-08,求人ボックス,大工,東京都,型枠大工／今日から君は、 ±3ミリの世界の主役,株式会社カワショウ建設,,,,,,,,,不明,,,unknown,,,https://xn--pckua2a7gp15o89zb.com/rd/?uaid=l825c20a663292433bb43708cc69d67d9&p=t%2BAK7k0GmMUr0ZRss/MBmyYiMNYK3Ade1KVO3iIfNCaeEaFKlALB614dzwxd8PeVorogdq6DvqA46FqPxdRRsmidAgfHqBQoe/89nqap1kd/qGffM3CHVrZO2d7tgv7aV67M8nOKrx2x0feqUpaTGm3R6E4f/LtlWo03trhXQ/umIpVjGAdxiBMasB7M2GkdOZjTnL0yhtbsN8XmvsSE9480VmDtfjBFoyAunlWRwsF3wPnCxFce5%2Bxj76RNcC/Zb5RPpaT0ZOYJjl5qKuOjqEln%2BG6tT25sX/hc/1XYdwHBBOPlnt4adZS3rECP5H4BvGnmKytqU/Yblz/uBao9YLMjxoyyVmSUZHM4d3AU8Krckr1tp4l9iP5N1XQiaaZXFm/KMDvsiPyF84jhu4z5WeWO5VuUcyE7rdZBc/NBQxwOj9RBPp/8wI8i0FAnhr6N6cISbve5TWjuXvvnO9ZoDTKxLUK2rxgxIcAKxLbMEvUeXaGcJ0XEWqVpzj943oSb&ph=3adaacda0514&phv=1,https://xn--pckua2a7gp15o89zb.com/%E5%A4%A7%E5%B7%A5の仕事-%E6%9D%B1%E4%BA%AC%E9%83%BD,false,求人詳細ページは安全な公開URLと確認できないため取得しませんでした
2026-08-08,求人ボックス,大工,東京都,内装大工 新着,株式会社セレ工務店,,,,,,,,,不明,,,unknown,,17時間前,https://xn--pckua2a7gp15o89zb.com/rd/?uaid=la08f6b133684d227c6c4af566934f6ca&p=t%2BAK7k0GmMUr0ZRss/MBm9dYcl3IpJ6TxseEGh2Q9a1qUyGwxhW24/zIPdMg80quMt3BTJ/4vvrtxJqzq4JoSGidAgfHqBQoe/89nqap1kfS5XV3%2BQLKtXq9O9Jy%2BX8AV67M8nOKrx2x0feqUpaTGm3R6E4f/LtlWo03trhXQ/umIpVjGAdxiBMasB7M2GkdOZjTnL0yhtbsN8XmvsSE9480VmDtfjBFoyAunlWRwsF3wPnCxFce5%2Bxj76RNcC/Zb5RPpaT0ZOYJjl5qKuOjqD902iPh8zkfacxbI%2Bi/gdqZvLb%2BUNri1QygNXQ/r0vIvGnmKytqU/Yblz/uBao9YC0m8KiGBLJbmsXPjxceLH3ckr1tp4l9iP5N1XQiaaZXO%2Bv0suxwQczEQmwaNAW4dU9VYpa0v9bOUf432uYypz8kaKvtfmUil7lPEBEDyKxin9aIDg17fwj7UCJSfC6lBteeHm4dL3R6tIs85j4ETzdn5fDuUDT94V33c1eBmKqS&ph=a6d1515ee2d5&phv=1,https://xn--pckua2a7gp15o89zb.com/%E5%A4%A7%E5%B7%A5の仕事-%E6%9D%B1%E4%BA%AC%E9%83%BD,false,求人詳細ページは安全な公開URLと確認できないため取得しませんでした
2026-08-08,求人ボックス,大工,東京都,木造大工,株式会社清田建築,,,,,,,,,不明,,,unknown,,,https://xn--pckua2a7gp15o89zb.com/rd/?uaid=l9db7c1fcfe64459e694171892836320a&p=t%2BAK7k0GmMUr0ZRss/MBm5aM2hc0K9MfMyo3UYP/smXCCr3f8VfKD2xvOnAS4f/yu3D6nPVVae8S%2Bd6cOBjEN2idAgfHqBQoe/89nqap1ke%2Br/Xjdk0eXmBZw1VHCFxHtWNBt/get4jEB0HYcfZzNGfW8jL%2BtXnrHlb7Qha6SS/pm916/Komd9trD4CAyUh5VCs4PJE6nwmA/GtOHsiVE5i0qplcoyL8EgUd8V4bu/LD7cWdJjw2r7WkYEaqjNUAIJq%2BfXpQl6G0QxBmBga8Aem6FJt/ZXpOIr6rv%2BsfXgKelZNgHFUwCRpsPdfXF/cHFZYjHkPiNYL9yyR/gMBb8DRXxZGTtZFy0KPPSFg%2BVpjFgBWuQxtQxCnl28RvEab1ILnFYP%2BxBuwS6w7ABsNkyBt96VASlJn9w8RI2OxLtg68Ecp9om5uq%2BG1wUF%2BDlCY9gQhhXwuMEwq2bnYSaxw9r%2Bo4oUMrdpMhH6rGlwDkGsmQEaQPCxCP13X7LKPSLUA&ph=40943c15f536&phv=1,https://xn--pckua2a7gp15o89zb.com/%E5%A4%A7%E5%B7%A5の仕事-%E6%9D%B1%E4%BA%AC%E9%83%BD,false,求人詳細ページは安全な公開URLと確認できないため取得しませんでした
2026-08-08,求人ボックス,大工,埼玉県,大工・大工見習 新着,株式会社いち建,,,,,,,,,不明,,,unknown,,3日前,https://xn--pckua2a7gp15o89zb.com/rd/?uaid=dcfdf45d032d6fb8cb938678561f58ec&p=t%2BAK7k0GmMUr0ZRss/MBmzJeAevfRfweY2QP2zLswV9TDOy2n0n1hii7%2BcGYKVmSn9UdFb4QLdcRnH0GDdARVWidAgfHqBQoe/89nqap1kcbLsuKk/EWhmecSYbnvS88V67M8nOKrx2x0feqUpaTGm3R6E4f/LtlWo03trhXQ/umIpVjGAdxiBMasB7M2GkdOZjTnL0yhtbsN8XmvsSE9wa4J28grK3eKpbwtAG2DUveeakoS4EROxrwRTmPKo2faxzX393LlfwRnzeoY9lewPdQic5u7cUOiGLMNmMukNXmv1zw2fiReTySMaPhHhFOvGnmKytqU/Yblz/uBao9YC0m8KiGBLJbmsXPjxceLH3ckr1tp4l9iP5N1XQiaaZXOXDh1KAKRNcWzYfiLpV4j84vCsRGd8lLO634rudsLg0FJTfirouE87a%2Bqg0cdmYRikIeKx5l8G8nrYpaJA%2BStsl0s7hLoQtOorpfIlE4emg%3D&ph=55ba7375ad28&phv=1,https://xn--pckua2a7gp15o89zb.com/%E5%A4%A7%E5%B7%A5の仕事-%E5%9F%BC%E7%8E%89%E7%9C%8C,false,求人詳細ページは安全な公開URLと確認できないため取得しませんでした
2026-08-08,求人ボックス,大工,埼玉県,「大工職人」経験者歓迎／新設の関東支社勤務／土日祝休み&年休119日,株式会社絆建築,,,,,,,,,不明,,,unknown,,,https://xn--pckua2a7gp15o89zb.com/rd/?uaid=l6ef9dfc78e227cae192b32400077a6c2&p=t%2BAK7k0GmMUr0ZRss/MBm4qXeakHDFtE8F9jTdyCqH1RcZxaDvIU6/h0eTFRiqkkmjy/V558Qvg6B8JIMlFqcmidAgfHqBQoe/89nqap1kfiFSud59czRcGe2iqOVOWTV67M8nOKrx2x0feqUpaTGm3R6E4f/LtlWo03trhXQ/umIpVjGAdxiBMasB7M2GkdOZjTnL0yhtbsN8XmvsSE9wa4J28grK3eKpbwtAG2DUveeakoS4EROxrwRTmPKo2fb5RPpaT0ZOYJjl5qKuOjqGXeyM6YR4ktlirtHaP8j89Zj4sLUAQMKH3q/Z/R%2BXyuvGnmKytqU/Yblz/uBao9YLMjxoyyVmSUZHM4d3AU8Krckr1tp4l9iP5N1XQiaaZXBYm2UttJpBbB5SAkd6r675ONtSRXx82TNAC%2BzjDeEAg4lSwPrM6nz3qAJJI9jMHD%2BTBXZJLRYQ8wq7aaGnOIGhpjEw%2Boax0BPgJCgKV/hiu06nR3Tx/b4%2BCyx9OlAP7fNSnnTzB477%2BcnRN2z4kw%2BR2sWWNWnSCd2CxPGafYEqE%3D&ph=d86c997a9f20&phv=1,https://xn--pckua2a7gp15o89zb.com/%E5%A4%A7%E5%B7%A5の仕事-%E5%9F%BC%E7%8E%89%E7%9C%8C,false,求人詳細ページは安全な公開URLと確認できないため取得しませんでした
2026-08-08,求人ボックス,大工,埼玉県,大工／「大工職人 募集」関東一円のリフォーム工事／諸経費・副資材は弊社...,株式会社GTワンホーム,,,,,,,,,不明,,,unknown,,,https://xn--pckua2a7gp15o89zb.com/rd/?uaid=l1d0fb353366096b6d2d5e584000fbcaa&p=t%2BAK7k0GmMUr0ZRss/MBm3tNF7du9gge1b1zHcAlK26x75fvR3RW9O7ufQfC2qs%2BEknRcf5tlc6NPLG%2Be3zLTWidAgfHqBQoe/89nqap1kcJYaRgz1LbJG8KvUthOICPV67M8nOKrx2x0feqUpaTGm3R6E4f/LtlWo03trhXQ/umIpVjGAdxiBMasB7M2GkdOZjTnL0yhtbsN8XmvsSE9wa4J28grK3eKpbwtAG2DUveeakoS4EROxrwRTmPKo2fb5RPpaT0ZOYJjl5qKuOjqJ3m6EAo8pZ60jAwhEDCxfleTareN/90Hnh9ubPGiq%2BWvGnmKytqU/Yblz/uBao9YLMjxoyyVmSUZHM4d3AU8Krckr1tp4l9iP5N1XQiaaZXtuwDaGZFHRN7m6UdyHBJAbhWFsh5v%2BrBkVhJIWlpYteXb0BpZuDULojrLmViQ73jFqLr%2BXdJmaJvF0bFYoIEqh/vz7X4KGcvs1LQKbh8RaKKQh4rHmXwbyetilokD5K2yXSzuEuhC06iul8iUTh6aA%3D%3D&ph=fbd1a97b540c&phv=1,https://xn--pckua2a7gp15o89zb.com/%E5%A4%A7%E5%B7%A5の仕事-%E5%9F%BC%E7%8E%89%E7%9C%8C,false,求人詳細ページは安全な公開URLと確認できないため取得しませんでした
2026-08-08,求人ボックス,大工,埼玉県,"日給13,000円の新築建物の施工・大工補助スタッフ",有限会社大野組,,,,,,,,,不明,,,unknown,,,https://xn--pckua2a7gp15o89zb.com/rd/?uaid=l849ce9778145468e1a9600e8ecf73c4b&p=t%2BAK7k0GmMUr0ZRss/MBmyMyv8gkrw5OutUpWaqWP71qYU6%2Bilx%2BtpTiab3cL/ygW8VI/bMDidkgUK/6GgBH6midAgfHqBQoe/89nqap1kc3qYOmry0M9KFMu83WT9awV67M8nOKrx2x0feqUpaTGm3R6E4f/LtlWo03trhXQ/umIpVjGAdxiBMasB7M2GkdOZjTnL0yhtbsN8XmvsSE9wa4J28grK3eKpbwtAG2DUveeakoS4EROxrwRTmPKo2fb5RPpaT0ZOYJjl5qKuOjqHDlBPG4D8F4lTE/2La4M2EsO1zFEy7EhhhLhrXGRw7ZvGnmKytqU/Yblz/uBao9YC0m8KiGBLJbmsXPjxceLH3ckr1tp4l9iP5N1XQiaaZXlWe9Y0rASljv/gsvWi8rRUCe4hy9kA/UEd1P0%2BiCnL5Mzgp4H/WtVQRGarjhGbMHT/eqyMqn5iaWSYFUGtS9LBai6/l3SZmibxdGxWKCBKrsuvZzWWjzE8AkPjvi6OU9zaBoB/wKQveO2nGwOYwjUA%3D%3D&ph=a1b32e973e0c&phv=1,https://xn--pckua2a7gp15o89zb.com/%E5%A4%A7%E5%B7%A5の仕事-%E5%9F%BC%E7%8E%89%E7%9C%8C,false,求人詳細ページは安全な公開URLと確認できないため取得しませんでした
2026-08-08,求人ボックス,大工,埼玉県,造作大工見習いも可,株式会社Positive,,,,,,,,,不明,,,unknown,,,https://xn--pckua2a7gp15o89zb.com/rd/?uaid=l76ae98899c81d009ec7bf4a89d467114&p=t%2BAK7k0GmMUr0ZRss/MBm6PYmKVUhxLDNW6FMek%2BruSR2jtMbGeFhv/pL2HYWDDzjItn1LET33cJV4MuPyW5tGidAgfHqBQoe/89nqap1kdeZzjWUI/IPIPbHJ89TuZmV67M8nOKrx2x0feqUpaTGm3R6E4f/LtlWo03trhXQ/umIpVjGAdxiBMasB7M2GkdOZjTnL0yhtbsN8XmvsSE9wa4J28grK3eKpbwtAG2DUveeakoS4EROxrwRTmPKo2fb5RPpaT0ZOYJjl5qKuOjqEcdqomQF7erfGd3avN/ssV9XrYaLXnjO%2Be5Gm9U7/uLvGnmKytqU/Yblz/uBao9YC0m8KiGBLJbmsXPjxceLH3ckr1tp4l9iP5N1XQiaaZXj94jSdbQuOlzINUHYuoxdhzbx8ibxUzlQ3/U/S9qekHWvZLp8VEzbiF1QTdLFBdOv4dPa7KNfoFuyjT0yAArWO/4LIZFPwHTiCVQnUv1Sfs%3D&ph=920796511bd7&phv=1,https://xn--pckua2a7gp15o89zb.com/%E5%A4%A7%E5%B7%A5の仕事-%E5%9F%BC%E7%8E%89%E7%9C%8C,false,求人詳細ページは安全な公開URLと確認できないため取得しませんでした
2026-08-08,求人ボックス,大工,埼玉県,戸建て住宅リフォーム職人 新築木造住宅の大工,ケイアイスター不動産株式会社,,,,,,,,,不明,,,unknown,,,https://xn--pckua2a7gp15o89zb.com/rd/?uaid=l3f48cb229520a35c6c4984a15afa9f8c&p=t%2BAK7k0GmMUr0ZRss/MBm08EWoXeLvorJ2DauOXDFebtyeH5SbjFQRT0cgISIUCcFYUBLth8wsEzlwlXxvYO1midAgfHqBQoe/89nqap1kfJxFSqYpJvRWhymiPriHolV67M8nOKrx2x0feqUpaTGm3R6E4f/LtlWo03trhXQ/umIpVjGAdxiBMasB7M2GkdOZjTnL0yhtbsN8XmvsSE9wa4J28grK3eKpbwtAG2DUveeakoS4EROxrwRTmPKo2fb5RPpaT0ZOYJjl5qKuOjqEln%2BG6tT25sX/hc/1XYdwHVisLiSrHDssMejPehpIo9vGnmKytqU/Yblz/uBao9YC0m8KiGBLJbmsXPjxceLH3ckr1tp4l9iP5N1XQiaaZXV1xOcvhssOsrJTE5g0Wl9KOWokx5esZXrP/6g2j49U40oqbsx9inIdH3HbGm4zvnE3pP2ENNKyoHbM4L2ALaQPZsIHoWdGKfcLI%2BvsFHwhLuauXBKy8pAIyfAIsY%2BEb8Sk/n87klRjGOl2wRP%2BkKbwrDJzYwMDA%2B67nFS2yZ9jUmQEaQPCxCP13X7LKPSLUA&ph=bcdb9942ab71&phv=1,https://xn--pckua2a7gp15o89zb.com/%E5%A4%A7%E5%B7%A5の仕事-%E5%9F%BC%E7%8E%89%E7%9C%8C,false,求人詳細ページは安全な公開URLと確認できないため取得しませんでした
2026-08-08,求人ボックス,大工,埼玉県,給排水配管工・水道工事／経験者月給37万円～／土木・大工経験も活かせる 新着,タイヨー設備有限会社,,,,,,,,,不明,,,unknown,,1日前,https://xn--pckua2a7gp15o89zb.com/rd/?uaid=38609b33482dad87ef871c19443f0374&p=t%2BAK7k0GmMUr0ZRss/MBm8Q6dM3upM5yavdknjEnq/DhBdPpJWoyzGI4ZkZsVp6e054Apv5YcTukp4r4mYgKsGidAgfHqBQoe/89nqap1kedY%2BNiT0BTE6wrn1Xo6Z93V67M8nOKrx2x0feqUpaTGm3R6E4f/LtlWo03trhXQ/umIpVjGAdxiBMasB7M2GkdOZjTnL0yhtbsN8XmvsSE9wa4J28grK3eKpbwtAG2DUveeakoS4EROxrwRTmPKo2faxzX393LlfwRnzeoY9lewCnY5Av16ilbwalZnM2gI4oqY21rA5S6lfRai4OlWZ1VvGnmKytqU/Yblz/uBao9YC0m8KiGBLJbmsXPjxceLH3ckr1tp4l9iP5N1XQiaaZXOXDh1KAKRNcWzYfiLpV4j84vCsRGd8lLO634rudsLg0kqoZKsp13guysVhjsIrb/umUPV85LZsyVq4CkLwZzJQVqRiiazrT1WPVemnOFrDJvUUJVOB2%2BIDsNQKXPCg9K&ph=65ec72e74b9a&phv=1,https://xn--pckua2a7gp15o89zb.com/%E5%A4%A7%E5%B7%A5の仕事-%E5%9F%BC%E7%8E%89%E7%9C%8C,false,求人詳細ページは安全な公開URLと確認できないため取得しませんでした
2026-08-08,求人ボックス,大工,埼玉県,造作大工及び見習い,合同会社先崎工務店,,,,,,,,,不明,,,unknown,,,https://xn--pckua2a7gp15o89zb.com/rd/?uaid=l5c92637e32a9c88f38620e5381f997db&p=t%2BAK7k0GmMUr0ZRss/MBmx4/1QiB8m80QBQcU3hZ5DvjbGc5IiCU/qtR9Uot3QSYZj4B0UO6kUw6RdL1qCVAx2idAgfHqBQoe/89nqap1kd/qGffM3CHVrZO2d7tgv7aV67M8nOKrx2x0feqUpaTGm3R6E4f/LtlWo03trhXQ/umIpVjGAdxiBMasB7M2GkdOZjTnL0yhtbsN8XmvsSE9wa4J28grK3eKpbwtAG2DUveeakoS4EROxrwRTmPKo2fb5RPpaT0ZOYJjl5qKuOjqD902iPh8zkfacxbI%2Bi/gdodNOZwM61dENSlzekehu%2BCvGnmKytqU/Yblz/uBao9YC0m8KiGBLJbmsXPjxceLH3ckr1tp4l9iP5N1XQiaaZXO%2Bv0suxwQczEQmwaNAW4ddNNotlTqQIbuxF3YLhAQqbL3uQ6d01dHe1c5RRCdNg7HSc9vAzth7kOPdzA7LUQtxJbPnY1LnNN2NSyi1wugXM49VyXcj1YzNWeJqVi9D6F&ph=656ba5bececc&phv=1,https://xn--pckua2a7gp15o89zb.com/%E5%A4%A7%E5%B7%A5の仕事-%E5%9F%BC%E7%8E%89%E7%9C%8C,false,求人詳細ページは安全な公開URLと確認できないため取得しませんでした
2026-08-08,求人ボックス,大工,埼玉県,正社員大工、大工見習い業務委託手間請け大工,株式会社たておか工務店,,,,,,,,,不明,,,unknown,,,https://xn--pckua2a7gp15o89zb.com/rd/?uaid=l8f93fe0dcaae0e4b25b699dd8c6a54ec&p=t%2BAK7k0GmMUr0ZRss/MBm8egKRuWDgmysmPbulYu9WFhTlVzkbu9hFp5Sgn84ZH6tqE/ZLQvZOzJH2HEraTb8WidAgfHqBQoe/89nqap1kfS5XV3%2BQLKtXq9O9Jy%2BX8AV67M8nOKrx2x0feqUpaTGm3R6E4f/LtlWo03trhXQ/umIpVjGAdxiBMasB7M2GkdOZjTnL0yhtbsN8XmvsSE9wa4J28grK3eKpbwtAG2DUveeakoS4EROxrwRTmPKo2fb5RPpaT0ZOYJjl5qKuOjqOx3ySi8CXVXK0rvGMqnF0axddxj/msSj3UYlg8srFwivGnmKytqU/Yblz/uBao9YC0m8KiGBLJbmsXPjxceLH3ckr1tp4l9iP5N1XQiaaZXgRZVvCidUL5AVi4u5ZJKsLBHn4tKLfznDfGiUFx3xmwPOQ3TqbIliUa5Kq2BGsT/x9JlVM%2Bj7nfhX7H/qDJOlkpWjyZeVG9SQKb8AudsfvHrMOAOuBRRIIUz6Y7LdTDxS692GwRE3qiSXHeaUTmUqQ%3D%3D&ph=051782217513&phv=1,https://xn--pckua2a7gp15o89zb.com/%E5%A4%A7%E5%B7%A5の仕事-%E5%9F%BC%E7%8E%89%E7%9C%8C,true,求人詳細ページは安全な公開URLと確認できないため取得しませんでした
2026-08-08,求人ボックス,大工,埼玉県,現場作業員／「法人向けリフォームで安定」埼玉県久喜市で大工,株式会社T.I.N,,,,,,,,,不明,,,unknown,,,https://xn--pckua2a7gp15o89zb.com/rd/?uaid=l758e2286c5028d51422519656f30fb72&p=t%2BAK7k0GmMUr0ZRss/MBm3L/RjaQya1LLDbfX6ULvYBmvwIgnWjV18ddTJ5WVGWbliddtav/wGZZxBZ3uojs4midAgfHqBQoe/89nqap1ke%2Br/Xjdk0eXmBZw1VHCFxHtWNBt/get4jEB0HYcfZzNGfW8jL%2BtXnrHlb7Qha6SS/pm916/Komd9trD4CAyUh5VCs4PJE6nwmA/GtOHsiVE5i0qplcoyL8EgUd8V4bu/Ksb/LaWzHE40EObRG7lIhyIJq%2BfXpQl6G0QxBmBga8Aem6FJt/ZXpOIr6rv%2BsfXgLFJzb/c89Vilb2O1yuDBHtFZYjHkPiNYL9yyR/gMBb8DRXxZGTtZFy0KPPSFg%2BVpjFgBWuQxtQxCnl28RvEab1urFXTLcn2nxwBPEcrdTDlJFxRhCC7eZUNQyMrya1j5fWvZLp8VEzbiF1QTdLFBdOaIDJpOALWd8Yg6aPKNs57SC%2BZ02Vx5yKeLA6QQSiUumwhhtx2JhmFvKZ%2BUo/pOkL&ph=9114bfe5e97f&phv=1,https://xn--pckua2a7gp15o89zb.com/%E5%A4%A7%E5%B7%A5の仕事-%E5%9F%BC%E7%8E%89%E7%9C%8C,false,求人詳細ページは安全な公開URLと確認できないため取得しませんでした
2026-08-08,求人ボックス,大工,熊本県,東京都品川区勤務・大工・マンション戸建てリノベーション 新着,株式会社メガステップ,,,,,,,,月給35万円～50万円,月給,350000,500000,month,正社員,6日前,https://xn--pckua2a7gp15o89zb.com/jb/5299e1ffe2abd0666cd2f2210d56bb79,https://xn--pckua2a7gp15o89zb.com/%E5%A4%A7%E5%B7%A5の仕事-%E7%86%8A%E6%9C%AC%E7%9C%8C,true,
2026-08-08,求人ボックス,大工,熊本県,建設業・ 大工,株式会社カネマツ,,,,,,,,,不明,,,unknown,,,https://xn--pckua2a7gp15o89zb.com/rd/?uaid=le7122d8ec3743e3be5b83487d3bb0484&p=t%2BAK7k0GmMUr0ZRss/MBm3hjdQt/8IVxeS6qGrVBa5n6l4ZPoMDipRfVSIXWaYoSKi46ZaCP23DaOWp0uoDRfGidAgfHqBQoe/89nqap1kcbLsuKk/EWhmecSYbnvS88V67M8nOKrx2x0feqUpaTGm3R6E4f/LtlWo03trhXQ/umIpVjGAdxiBMasB7M2GkdOZjTnL0yhtbsN8XmvsSE96iGWKkqHdpJnjUWFbmZh52dwcHLHIkcA7uALpcsL00hb5RPpaT0ZOYJjl5qKuOjqGXeyM6YR4ktlirtHaP8j89Zj4sLUAQMKH3q/Z/R%2BXyuvGnmKytqU/Yblz/uBao9YC0m8KiGBLJbmsXPjxceLH3ckr1tp4l9iP5N1XQiaaZXYHCxGYfZllSXySbJyrlkREiTKBdLGt44%2BKZI9UbADesMdozUbucV32MCY54vOSNpRBFu2UtO%2BOzkHgiI/IKLIta9kunxUTNuIXVBN0sUF049C11S509yossRnh0/bhz/NSnnTzB477%2BcnRN2z4kw%2BR2sWWNWnSCd2CxPGafYEqE%3D&ph=c8138544cf64&phv=1,https://xn--pckua2a7gp15o89zb.com/%E5%A4%A7%E5%B7%A5の仕事-%E7%86%8A%E6%9C%AC%E7%9C%8C,false,求人詳細ページは安全な公開URLと確認できないため取得しませんでした
2026-08-08,求人ボックス,大工,熊本県,「見て盗め」はもう古い!手厚いサポートで大工・現場作業員へ,有限会社熊本建設,,,,,,,,,不明,,,unknown,,,https://xn--pckua2a7gp15o89zb.com/rd/?uaid=l5f841f1230fa301d839368c32428bb93&p=t%2BAK7k0GmMUr0ZRss/MBm8C8SADPPSMGwzuWhiMPCk3/zHHBOk5Rl/bPzp%2BVYBLcjhQbAjBxrqEhvDroumUCbGidAgfHqBQoe/89nqap1kfiFSud59czRcGe2iqOVOWTV67M8nOKrx2x0feqUpaTGm3R6E4f/LtlWo03trhXQ/umIpVjGAdxiBMasB7M2GkdOZjTnL0yhtbsN8XmvsSE96iGWKkqHdpJnjUWFbmZh52dwcHLHIkcA7uALpcsL00hb5RPpaT0ZOYJjl5qKuOjqJ3m6EAo8pZ60jAwhEDCxfleTareN/90Hnh9ubPGiq%2BWvGnmKytqU/Yblz/uBao9YC0m8KiGBLJbmsXPjxceLH3ckr1tp4l9iP5N1XQiaaZXQthV2fIPIfVjWQ4ACVpv0UGvQJZ4lCYRn6OXldOyXlYg8m22yqExVzPu4Jyn8wM/AM6xBJb7PqOf6OA0B88BZXigM6nRG4HtD34AA72epFXaVxu9WlRNQLt/1Z1RSvFqUnMOd6caT/egwanD/9ggb6gioyN0IirQ04cWXhmjdT4%3D&ph=255bfc7c4da6&phv=1,https://xn--pckua2a7gp15o89zb.com/%E5%A4%A7%E5%B7%A5の仕事-%E7%86%8A%E6%9C%AC%E7%9C%8C,false,求人詳細ページは安全な公開URLと確認できないため取得しませんでした
2026-08-08,求人ボックス,大工,熊本県,「飛び込みノルマなし／反響営業」110年続く老舗建設資材商社のグループ会社にて住宅リフォームの提案営...,アイズリフォーム株式会社,,,,,,,,,不明,,,unknown,,,https://xn--pckua2a7gp15o89zb.com/rd/?uaid=lf19a1482e5f7c99d4c1d285fd7f5ca86&p=t%2BAK7k0GmMUr0ZRss/MBm0DCPvkLSkhqylYT14/bSqeY1s1y75/7wG8I5ykKm3ZfVsAsRWkN0%2BdSSgFqON%2BD%2B2idAgfHqBQoe/89nqap1kcJYaRgz1LbJG8KvUthOICPV67M8nOKrx2x0feqUpaTGm3R6E4f/LtlWo03trhXQ/umIpVjGAdxiBMasB7M2GkdOZjTnL0yhtbsN8XmvsSE96iGWKkqHdpJnjUWFbmZh52dwcHLHIkcA7uALpcsL00hb5RPpaT0ZOYJjl5qKuOjqEcdqomQF7erfGd3avN/ssXHXisN14CANwyaA7wuzfMpvGnmKytqU/Yblz/uBao9YLMjxoyyVmSUZHM4d3AU8KrbBFUq3ZPgIlmq7pRYZUSSeBSBsHWibOAjvxwwZN1YpKj5QeWA9K4sotqoVSoBBMcPmEOyPp%2BW9Ivp515R1LuMwySollYN7YQUbvEr/KXYTNpXG71aVE1Au3/VnVFK8WpJWpLKT9Yrk8Zbygye5K9DEib3JjLxxN8StElE5BANyQ%3D%3D&ph=17ee1510ce41&phv=1,https://xn--pckua2a7gp15o89zb.com/%E5%A4%A7%E5%B7%A5の仕事-%E7%86%8A%E6%9C%AC%E7%9C%8C,false,求人詳細ページは安全な公開URLと確認できないため取得しませんでした
2026-08-08,求人ボックス,大工,熊本県,「九州」戸建住宅の企画提案営業,積水ハウス株式会社,,,,,,,,,不明,,,unknown,,,https://xn--pckua2a7gp15o89zb.com/rd/?uaid=ldb8b2c37f050d641906af6cb682f71db&p=t%2BAK7k0GmMUr0ZRss/MBmz8X%2B0EJ0FyhRLNzBpKtRU2e8nfApREsnKKhfF1%2Bp6lVdMjIbedcNdKxxqE3kreNl2idAgfHqBQoe/89nqap1kc3qYOmry0M9KFMu83WT9awV67M8nOKrx2x0feqUpaTGm3R6E4f/LtlWo03trhXQ/umIpVjGAdxiBMasB7M2GkdOZjTnL0yhtbsN8XmvsSE96iGWKkqHdpJnjUWFbmZh52dwcHLHIkcA7uALpcsL00hb5RPpaT0ZOYJjl5qKuOjqEln%2BG6tT25sX/hc/1XYdwHDjS3tD26XUpMX7ch0o96fvGnmKytqU/Yblz/uBao9YLMjxoyyVmSUZHM4d3AU8KrbBFUq3ZPgIlmq7pRYZUSSyIEW%2BjXplyjH46VGetbn8Bmk4e1OggkQfU/qtLlVzy44eNIzIaM5%2Bno4ud0VavjpzaGRBC0CQmBPtGkZeWvD3Q6P1EE%2Bn/zAjyLQUCeGvo3rYKi6CjKmEq2xlR3swC5YTUM5Xs9sHnJuXnSZtaIetR5doZwnRcRapWnOP3jehJs%3D&ph=19dddb3a58bc&phv=1,https://xn--pckua2a7gp15o89zb.com/%E5%A4%A7%E5%B7%A5の仕事-%E7%86%8A%E6%9C%AC%E7%9C%8C,false,求人詳細ページは安全な公開URLと確認できないため取得しませんでした
2026-08-08,求人ボックス,大工,熊本県,メンテナンススタッフ／水まわりメンテナンススタッフ 行く先々で寄せられる心からの「ありがとう」が励み...,株式会社九州水道修理サービス,,,,,,,,,不明,,,unknown,,,https://xn--pckua2a7gp15o89zb.com/rd/?uaid=lf0d9beb763c7e8bdc3376fe860f655a3&p=t%2BAK7k0GmMUr0ZRss/MBmys2mXXrz6SktYCJX9u7dauDax/8CkrAGzU4C2J7nWWoNVCZGZTx/IHkru/sSr1P7midAgfHqBQoe/89nqap1kdeZzjWUI/IPIPbHJ89TuZmV67M8nOKrx2x0feqUpaTGm3R6E4f/LtlWo03trhXQ/umIpVjGAdxiBMasB7M2GkdOZjTnL0yhtbsN8XmvsSE96iGWKkqHdpJnjUWFbmZh52dwcHLHIkcA7uALpcsL00hb5RPpaT0ZOYJjl5qKuOjqD902iPh8zkfacxbI%2Bi/gdqNajf0MFDcAdGM0LiPNlHKvGnmKytqU/Yblz/uBao9YLMjxoyyVmSUZHM4d3AU8KrbBFUq3ZPgIlmq7pRYZUSSBeBHKrxhSNyCX1weB89VY/dIiYw6zCFpOEcbX9c4YclNqu4Uqnj8GqFxDHCg9BqqqSet3ebEGueBEUSlfwIiwu%2BBjUMpMSuDyRCmWhqHnVbWPiSvr2EnpjNqDJWuRzQEEib3JjLxxN8StElE5BANyQ%3D%3D&ph=392708b3b03e&phv=1,https://xn--pckua2a7gp15o89zb.com/%E5%A4%A7%E5%B7%A5の仕事-%E7%86%8A%E6%9C%AC%E7%9C%8C,false,求人詳細ページは安全な公開URLと確認できないため取得しませんでした
2026-08-08,求人ボックス,大工,熊本県,「建築設計」一級・二級建築士の資格を活かし、歴史的建造物を未来へつなぐ!,株式会社修復技術システム,,,,,,,,,不明,,,unknown,,,https://xn--pckua2a7gp15o89zb.com/rd/?uaid=l2606a0d6757facd883b7995a77b95027&p=t%2BAK7k0GmMUr0ZRss/MBm1j/5R70ubJ32OZzMxEioZ3K8z0nUDO%2ByQZpHRkVtM01l914M4kyp51x5FK2J4T0Q2idAgfHqBQoe/89nqap1kfJxFSqYpJvRWhymiPriHolV67M8nOKrx2x0feqUpaTGm3R6E4f/LtlWo03trhXQ/umIpVjGAdxiBMasB7M2GkdOZjTnL0yhtbsN8XmvsSE96iGWKkqHdpJnjUWFbmZh52dwcHLHIkcA7uALpcsL00hb5RPpaT0ZOYJjl5qKuOjqOx3ySi8CXVXK0rvGMqnF0ZO%2BCvILGqSmUL%2BMEWqxSIKvGnmKytqU/Yblz/uBao9YLMjxoyyVmSUZHM4d3AU8KrbBFUq3ZPgIlmq7pRYZUSSIdmv8aDEqz49vY/KJKwhvMOwe6dmrof9fDzoxihO2W4NWy0FhTYPPAYTVukG0wSOx9JlVM%2Bj7nfhX7H/qDJOlmlFuoS0qFjg7N%2BQC/xwrBBaqrjGZM/MbLDixUGMlcrH9aY5vPyKdUyInvONxWsiHw%3D%3D&ph=ba36dc7ccb17&phv=1,https://xn--pckua2a7gp15o89zb.com/%E5%A4%A7%E5%B7%A5の仕事-%E7%86%8A%E6%9C%AC%E7%9C%8C,false,求人詳細ページは安全な公開URLと確認できないため取得しませんでした
2026-08-08,求人ボックス,大工,熊本県,ピッキング作業／土日祝休み／日勤のみ／社員食堂あり／長期休暇あり 新着,株式会社ジャパンクリエイト 採用部,,,,,,,,,不明,,,unknown,,4日前,https://xn--pckua2a7gp15o89zb.com/rd/?uaid=l8567805ce5877d4118406928866b7e24&p=t%2BAK7k0GmMUr0ZRss/MBm9PD8rIn51oZLP%2BiIa2Nv85UUXD6WDCcp0OUROzoLZTvrnN5r5Klpwomreo5fgsd0WidAgfHqBQoe/89nqap1kedY%2BNiT0BTE6wrn1Xo6Z93V67M8nOKrx2x0feqUpaTGm3R6E4f/LtlWo03trhXQ/umIpVjGAdxiBMasB7M2GkdOZjTnL0yhtbsN8XmvsSE96iGWKkqHdpJnjUWFbmZh52dwcHLHIkcA7uALpcsL00hb5RPpaT0ZOYJjl5qKuOjqEQEA7bT7DPZoIRgToPRnxr5/DTFFZ7Vi3rI5Pp08fkdvGnmKytqU/Yblz/uBao9YC0m8KiGBLJbmsXPjxceLH3bBFUq3ZPgIlmq7pRYZUSSBeBHKrxhSNyCX1weB89VY79/Lw1v57p006Xe2CUNxSeiKWKvI2QFZNw5xapuWseGvLkoW%2BLqj6/37fVlJOf22g%2BvLRWTA/LnhsnYlkkcO35MuFrvq7imYCjZ7lzQQKngIHASsrgs8ObJw4XpRcbcU%2B1oyAFD5Vb543wrcVJdpGk%3D&ph=c0a85a1916a8&phv=1,https://xn--pckua2a7gp15o89zb.com/%E5%A4%A7%E5%B7%A5の仕事-%E7%86%8A%E6%9C%AC%E7%9C%8C,false,求人詳細ページは安全な公開URLと確認できないため取得しませんでした
2026-08-08,求人ボックス,大工,熊本県,九州エリア／60代活躍／戸建住宅の建築確認検査員・自宅から直行直帰／残業ほぼ無し／勤務日数相談可,株式会社住宅性能評価センター,,,,,,,,,不明,,,unknown,,,https://xn--pckua2a7gp15o89zb.com/rd/?uaid=l569442cc70f8253fbc9977578104c7f4&p=t%2BAK7k0GmMUr0ZRss/MBm3mVqMLEOL8Ka/2D4tlAdZc66nE2dwioNEC25UkkDaMLwOvT0ecOqKnF6wWthWL9kmidAgfHqBQoe/89nqap1kd/qGffM3CHVrZO2d7tgv7aV67M8nOKrx2x0feqUpaTGm3R6E4f/LtlWo03trhXQ/umIpVjGAdxiBMasB7M2GkdOZjTnL0yhtbsN8XmvsSE96iGWKkqHdpJnjUWFbmZh52dwcHLHIkcA7uALpcsL00hb5RPpaT0ZOYJjl5qKuOjqOOqcruYt1jIzc43yQyUvu7a7jYQlDQgCYxgwBY9YPH%2BvGnmKytqU/Yblz/uBao9YLMjxoyyVmSUZHM4d3AU8KrbBFUq3ZPgIlmq7pRYZUSS3L1fWSfYca3uwKnHH84Nzh1xm8m5KvOuBUaXIi8SFBG0Xpn%2Bo7P7ViDWaMbNZfG%2B7mrlwSsvKQCMnwCLGPhG/LmKMoJ3OKGjghw6mputgw81KedPMHjvv5ydE3bPiTD5HaxZY1adIJ3YLE8Zp9gSoQ%3D%3D&ph=64a6b6b8f0ce&phv=1,https://xn--pckua2a7gp15o89zb.com/%E5%A4%A7%E5%B7%A5の仕事-%E7%86%8A%E6%9C%AC%E7%9C%8C,false,求人詳細ページは安全な公開URLと確認できないため取得しませんでした
2026-08-08,求人ボックス,大工,熊本県,熊本／益城／建築施工管理 西日本最大級の建材商社 年休121日／土日祝,越智産業株式会社,,,,,,,,,不明,,,unknown,,,https://xn--pckua2a7gp15o89zb.com/rd/?uaid=l80634a3e00d6350cbec3ed3d3437a0bf&p=t%2BAK7k0GmMUr0ZRss/MBm7Ba6rSyTzSEHI11kMRaxknb8IjBO13QqGTL5UG7jWhv7vyrueEqs6xneb6jChoh6GidAgfHqBQoe/89nqap1kfS5XV3%2BQLKtXq9O9Jy%2BX8AV67M8nOKrx2x0feqUpaTGm3R6E4f/LtlWo03trhXQ/umIpVjGAdxiBMasB7M2GkdOZjTnL0yhtbsN8XmvsSE96iGWKkqHdpJnjUWFbmZh52dwcHLHIkcA7uALpcsL00hb5RPpaT0ZOYJjl5qKuOjqJ3vTT49yRuVgW2A6V9tCk3HtU3NkR9tJAkGViXchl%2BxIXuikhjS2gwwzcbUSAXhkNErspU0uqKCKpmCAEMhVeKirV5/0DtpBdhEARVyvINmBObV%2B%2BR4aVFJ5Ac%2BpeblS0FMN7F%2BoNP4q4mWHkt5vs4PcoHc48tTVKvwjberA5deO1DK2JsMgozvolIfb8RpG4XLBuvfjYqYotqRhhKuTIHNoGgH/ApC947acbA5jCNQ&ph=0ef759ef9eba&phv=1,https://xn--pckua2a7gp15o89zb.com/%E5%A4%A7%E5%B7%A5の仕事-%E7%86%8A%E6%9C%AC%E7%9C%8C,false,求人詳細ページは安全な公開URLと確認できないため取得しませんでした
2026-08-08,求人ボックス,大工,熊本県,大工,株式会社丸一工建,熊本県 熊本市 東海学園前駅 車7分,熊本県,熊本市, 東海学園前駅 車,,,,"日給8,000円～1万8,000円",日給,8000,18000,day,正社員,,https://xn--pckua2a7gp15o89zb.com/jb/29184b171e1787842f100f3f3733f8b2,https://xn--pckua2a7gp15o89zb.com/%E5%A4%A7%E5%B7%A5の仕事-%E7%86%8A%E6%9C%AC%E7%9C%8C,true,
2026-08-08,求人ボックス,大工,熊本県,大工スタッフ,イ・ユメナス株式会社,熊本県 熊本市 北区,熊本県,熊本市, 北区,,,,月給30万円～70万円,月給,300000,700000,month,業務委託,,https://xn--pckua2a7gp15o89zb.com/jb/e17de5784d8b55491ed9709d6462a12d,https://xn--pckua2a7gp15o89zb.com/%E5%A4%A7%E5%B7%A5の仕事-%E7%86%8A%E6%9C%AC%E7%9C%8C,false,
2026-08-08,求人ボックス,大工,熊本県,新築住宅の社員大工,株式会社ace・BLD,熊本県 熊本市,熊本県,熊本市,,,,,月給20万円～30万円 / 賞与あり,月給,200000,300000,month,正社員,5日前,https://xn--pckua2a7gp15o89zb.com/jbi/3e883865c756a2e79e7f0d6caeb77bb8,https://xn--pckua2a7gp15o89zb.com/%E5%A4%A7%E5%B7%A5の仕事-%E7%86%8A%E6%9C%AC%E7%9C%8C,true,
2026-08-08,求人ボックス,大工,熊本県,大工・建設用品売り場の品出しスタッフ,株式会社ナフコ ホームプラザナフコ 山鹿店,熊本県 玉東町 木葉駅 車28分,熊本県,玉東町, 木葉駅 車,,,,"時給1,100円～ / 交通費支給",時給,1100,1100,hour,アルバイト・パート,6日前,https://xn--pckua2a7gp15o89zb.com/jb/0624342bbafb444baa841fb74e7546f8,https://xn--pckua2a7gp15o89zb.com/%E5%A4%A7%E5%B7%A5の仕事-%E7%86%8A%E6%9C%AC%E7%9C%8C,false,
2026-08-08,求人ボックス,大工,熊本県,内装大工サポートスタッフ／未経験OK／暑さ対策!スポットエアコン,有限会社山内工務店,熊本県 合志市,熊本県,合志市,,,,,月給25万円～27万円 / 賞与あり・昇給あり,月給,250000,270000,month,正社員,8日前,https://xn--pckua2a7gp15o89zb.com/jb/69e3c63ee9a294a6ee5feac6cb05e03a,https://xn--pckua2a7gp15o89zb.com/%E5%A4%A7%E5%B7%A5の仕事-%E7%86%8A%E6%9C%AC%E7%9C%8C,true,
2026-08-08,求人ボックス,大工,熊本県,型枠大工,森永型枠,熊本県 八代市,熊本県,八代市,,,,,"日給9,000円～1万3,000円",日給,9000,13000,day,正社員,,https://xn--pckua2a7gp15o89zb.com/jb/0226a6d9e9b44e3b1d41ba744cd02052,https://xn--pckua2a7gp15o89zb.com/%E5%A4%A7%E5%B7%A5の仕事-%E7%86%8A%E6%9C%AC%E7%9C%8C,true,
2026-08-08,求人ボックス,大工,熊本県,大工職人,株式会社アークシード,熊本県 八代市,熊本県,八代市,,,,,月給20万円 / 賞与あり・昇給あり,月給,200000,200000,month,正社員,,https://xn--pckua2a7gp15o89zb.com/jb/315efc1375db9dea528c6f8416684da4,https://xn--pckua2a7gp15o89zb.com/%E5%A4%A7%E5%B7%A5の仕事-%E7%86%8A%E6%9C%AC%E7%9C%8C,true,
2026-08-08,求人ボックス,大工,東京都,耐震の大工見習い・週2日から 直行直帰OK,株式会社新見工務店,東京都 小平市 小平駅 車8分,東京都,小平市, 小平駅 車,,,,"日給1万3,000円～2万5,000円 / 交通費支給",日給,13000,25000,day,アルバイト・パート,3時間前,https://xn--pckua2a7gp15o89zb.com/jb/24f6a626bfd73722f687e4ea5c96235f,https://xn--pckua2a7gp15o89zb.com/%E5%A4%A7%E5%B7%A5の仕事-%E6%9D%B1%E4%BA%AC%E9%83%BD,false,
2026-08-08,求人ボックス,大工,東京都,仮枠工事の型枠大工 経験者限定 年収800万円目指せる 残業少なめ,株式会社住田工務店,東京都 中野区 中野駅 徒歩7分,東京都,中野区, 中野駅 徒歩,,,,"月給39万6,000円～58万2,500円",月給,396000,582500,month,正社員,9日前,https://xn--pckua2a7gp15o89zb.com/jb/16ec5ec9849436968beb23da73ff9123,https://xn--pckua2a7gp15o89zb.com/%E5%A4%A7%E5%B7%A5の仕事-%E6%9D%B1%E4%BA%AC%E9%83%BD,true,
2026-08-08,求人ボックス,大工,東京都,戸建て建築の大工職人,株式会社k’build,東京都 板橋区,東京都,板橋区,,,,,月給25万円～70万円 / 賞与あり・昇給あり,月給,250000,700000,month,正社員,,https://xn--pckua2a7gp15o89zb.com/jb/3c5698a80b5a8a5783dfe86a7240ac8f,https://xn--pckua2a7gp15o89zb.com/%E5%A4%A7%E5%B7%A5の仕事-%E6%9D%B1%E4%BA%AC%E9%83%BD,true,
2026-08-08,求人ボックス,大工,東京都,今よりとにかく稼ぎたい方!前職の給与考慮します 型枠大工職人,有限会社讃栄建設,東京都 町田市,東京都,町田市,,,,,"日給1万5,000円～2万3,000円",日給,15000,23000,day,正社員,1日前,https://xn--pckua2a7gp15o89zb.com/jb/b00f9bbc962e332c8a54e02686481cba,https://xn--pckua2a7gp15o89zb.com/%E5%A4%A7%E5%B7%A5の仕事-%E6%9D%B1%E4%BA%AC%E9%83%BD,true,
2026-08-08,求人ボックス,大工,東京都,リフォーム大工,株式会社山田工務店,東京都 台東区 浅草駅 徒歩12分,東京都,台東区, 浅草駅 徒歩,,,,月給30万円～60万円 / 賞与あり・昇給あり,月給,300000,600000,month,正社員,,https://xn--pckua2a7gp15o89zb.com/jb/62343a46d2e26ec971c32ca8d2c7765b,https://xn--pckua2a7gp15o89zb.com/%E5%A4%A7%E5%B7%A5の仕事-%E6%9D%B1%E4%BA%AC%E9%83%BD,true,
2026-08-08,求人ボックス,大工,東京都,大工さんのアシスタント募集!未経験歓迎!配送業務メイン,株式会社KEFI WORKS,東京都 大田区 下丸子駅 徒歩7分,東京都,大田区, 下丸子駅 徒歩,,,,月給23万円～,月給,230000,230000,month,正社員,,https://xn--pckua2a7gp15o89zb.com/jb/2c1bcb92199a2a82e1e873d909a67c35,https://xn--pckua2a7gp15o89zb.com/%E5%A4%A7%E5%B7%A5の仕事-%E6%9D%B1%E4%BA%AC%E9%83%BD,true,
2026-08-08,求人ボックス,大工,東京都,別荘地リフォームの大工・寮有・土日祝休,株式会社メガステップ,東京都 品川区 大崎広小路駅,東京都,品川区, 大崎広小路駅,,,,月給35万円～40万円 / 賞与あり・昇給あり,月給,350000,400000,month,正社員,3時間前,https://xn--pckua2a7gp15o89zb.com/jb/c4da64e847b7256e414ec555648c3b1f,https://xn--pckua2a7gp15o89zb.com/%E5%A4%A7%E5%B7%A5の仕事-%E6%9D%B1%E4%BA%AC%E9%83%BD,true,
